# He I state-specific RRC and He I, He II total RRC from Nahar(2010)
# the last two columns represent total RRC of He I and He II
log10(T/[K]),11S,23S,21S,23P,21P,33S,31S,33P,33D,31D,31P,43S,41S,43P,43D,41D,43F,41F,41P,HeI_total,HeII_total
1.0,4.7796E-12,4.0915E-13,1.6356E-13,2.0848E-12,5.0532E-13,9.0636E-14,4.5238E-14,7.0785E-13,7.0604E-13,2.3074E-13,2.0007E-13,3.4915E-14,1.9484E-14,3.2273E-13,4.4442E-13,1.4422E-13,3.2272E-13,1.0757E-13,9.9094E-14,3.4258E-11,1.5496E-10
1.1,4.2599E-12,3.6467E-13,1.4578E-13,1.8580E-12,4.5033E-13,8.0789E-14,4.0321E-14,6.3085E-13,6.2914E-13,2.0561E-13,1.7830E-13,3.1123E-14,1.7366E-14,2.8763E-13,3.9602E-13,1.2851E-13,2.8750E-13,9.5834E-14,8.8313E-14,2.9899E-11,1.3579E-10
1.2,3.7966E-12,3.2504E-13,1.2993E-13,1.6558E-12,4.0132E-13,7.2013E-14,3.5939E-14,5.6223E-13,5.6059E-13,1.8320E-13,1.5890E-13,2.7745E-14,1.5479E-14,2.5635E-13,3.5288E-13,1.1451E-13,2.5610E-13,8.5368E-14,7.8703E-14,2.6039E-11,1.1875E-10
1.3,3.3838E-12,2.8971E-13,1.1580E-13,1.4757E-12,3.5763E-13,6.4193E-14,3.2033E-14,5.0107E-13,4.9947E-13,1.6323E-13,1.4161E-13,2.4734E-14,1.3798E-14,2.2847E-13,3.1442E-13,1.0203E-13,2.2810E-13,7.6034E-14,7.0138E-14,2.2737E-11,1.0390E-10
1.4,3.0158E-12,2.5823E-13,1.0322E-13,1.3151E-12,3.1869E-13,5.7225E-14,2.8553E-14,4.4655E-13,4.4499E-13,1.4542E-13,1.2619E-13,2.2052E-14,1.2300E-14,2.0362E-13,2.8013E-13,9.0900E-14,2.0313E-13,6.7709E-14,6.2504E-14,1.9787E-11,9.0816E-11
1.5,2.6879E-12,2.3018E-13,9.1998E-14,1.1719E-12,2.8398E-13,5.1017E-14,2.5452E-14,3.9797E-13,3.9640E-13,1.2954E-13,1.1245E-13,1.9663E-14,1.0964E-14,1.8147E-13,2.4955E-13,8.0978E-14,1.8084E-13,6.0281E-14,5.5698E-14,1.7228E-11,7.9297E-11
1.6,2.3956E-12,2.0519E-13,8.2001E-14,1.0443E-12,2.5303E-13,4.5485E-14,2.2688E-14,3.5466E-13,3.5308E-13,1.1538E-13,1.0020E-13,1.7534E-14,9.7746E-15,1.6173E-13,2.2229E-13,7.2129E-14,1.6096E-13,5.3653E-14,4.9631E-14,1.4994E-11,6.9236E-11
1.7,2.1351E-12,1.8291E-13,7.3091E-14,9.3062E-13,2.2545E-13,4.0557E-14,2.0225E-14,3.1605E-13,3.1444E-13,1.0275E-13,8.9282E-14,1.5638E-14,8.7145E-15,1.4413E-13,1.9797E-13,6.4237E-14,1.4321E-13,4.7735E-14,4.4222E-14,1.3040E-11,6.0443E-11
1.8,1.9030E-12,1.6306E-13,6.5152E-14,8.2923E-13,2.0085E-13,3.6166E-14,1.8031E-14,2.8164E-13,2.7997E-13,9.1488E-14,7.9547E-14,1.3949E-14,7.7699E-15,1.2844E-13,1.7627E-13,5.7196E-14,1.2735E-13,4.2450E-14,3.9400E-14,1.1336E-11,5.2592E-11
1.9,1.6961E-12,1.4538E-13,5.8077E-14,7.3885E-13,1.7892E-13,3.2256E-14,1.6075E-14,2.5097E-13,2.4921E-13,8.1435E-14,7.0867E-14,1.2445E-14,6.9283E-15,1.1446E-13,1.5691E-13,5.0912E-14,1.1318E-13,3.7727E-14,3.5099E-14,9.8448E-12,4.5986E-11
2.0,1.5117E-12,1.2963E-13,5.1773E-14,6.5827E-13,1.5937E-13,2.8774E-14,1.4333E-14,2.2362E-13,2.2176E-13,7.2462E-14,6.3126E-14,1.1107E-14,6.1786E-15,1.0199E-13,1.3963E-13,4.5304E-14,1.0051E-13,3.3505E-14,3.1264E-14,8.5469E-12,3.9993E-11
2.1,1.3473E-12,1.1559E-13,4.6155E-14,5.8642E-13,1.4193E-13,2.5673E-14,1.2781E-14,1.9924E-13,1.9725E-13,6.4451E-14,5.6223E-14,9.9153E-15,5.5108E-15,9.0877E-14,1.2420E-13,4.0296E-14,8.9181E-14,2.9727E-14,2.7843E-14,7.4161E-12,3.4820E-11
2.2,1.2009E-12,1.0309E-13,4.1150E-14,5.2234E-13,1.2637E-13,2.2914E-14,1.1399E-14,1.7750E-13,1.7536E-13,5.7296E-14,5.0066E-14,8.8552E-15,4.9161E-15,8.0966E-14,1.1042E-13,3.5822E-14,7.9035E-14,2.6345E-14,2.4791E-14,6.4211E-12,3.0308E-11
2.3,1.0704E-12,9.1959E-14,3.6691E-14,4.6519E-13,1.1249E-13,2.0458E-14,1.0168E-14,1.5812E-13,1.5580E-13,5.0903E-14,4.4574E-14,7.9123E-15,4.3866E-15,7.2129E-14,9.8098E-14,3.1824E-14,6.9945E-14,2.3315E-14,2.2068E-14,5.5708E-12,2.6356E-11
2.4,9.5404E-13,8.2046E-14,3.2719E-14,4.1421E-13,1.0011E-13,1.8273E-14,9.0716E-15,1.4084E-13,1.3831E-13,4.5187E-14,3.9673E-14,7.0740E-15,3.9152E-15,6.4248E-14,8.7084E-14,2.8250E-14,6.1794E-14,2.0598E-14,1.9638E-14,4.8177E-12,2.2913E-11
2.5,8.5038E-13,7.3222E-14,2.9181E-14,3.6872E-13,8.9060E-14,1.6331E-14,8.0957E-15,1.2543E-13,1.2267E-13,4.0073E-14,3.5299E-14,6.3292E-15,3.4956E-15,5.7219E-14,7.7229E-14,2.5052E-14,5.4478E-14,1.8159E-14,1.7468E-14,4.1668E-12,1.9897E-11
2.6,7.5801E-13,6.5370E-14,2.6030E-14,3.2812E-13,7.9192E-14,1.4605E-14,7.2272E-15,1.1168E-13,1.0866E-13,3.5495E-14,3.1394E-14,5.6680E-15,3.1223E-15,5.0948E-14,6.8405E-14,2.2188E-14,4.7906E-14,1.5968E-14,1.5530E-14,3.6013E-12,1.7276E-11
2.7,6.7570E-13,5.8384E-14,2.3224E-14,2.9188E-13,7.0378E-14,1.3073E-14,6.4547E-15,9.9412E-14,9.6113E-14,3.1393E-14,2.7906E-14,5.0813E-15,2.7902E-15,4.5352E-14,6.0497E-14,1.9621E-14,4.1997E-14,1.3998E-14,1.3799E-14,3.1098E-12,1.4993E-11
2.8,6.0235E-13,5.2173E-14,2.0726E-14,2.5952E-13,6.2501E-14,1.1714E-14,5.7678E-15,8.8465E-14,8.4858E-14,2.7714E-14,2.4790E-14,4.5612E-15,2.4949E-15,4.0357E-14,5.3403E-14,1.7318E-14,3.6682E-14,1.2227E-14,1.2251E-14,2.6833E-12,1.2965E-11
2.9,5.3700E-13,4.6652E-14,1.8503E-14,2.3060E-13,5.5457E-14,1.0510E-14,5.1573E-15,7.8691E-14,7.4755E-14,2.4411E-14,2.2003E-14,4.1006E-15,2.2323E-15,3.5895E-14,4.7033E-14,1.5251E-14,3.1901E-14,1.0633E-14,1.0866E-14,2.3129E-12,1.1267E-11
3.0,4.7877E-13,4.1750E-14,1.6525E-14,2.0476E-13,4.9152E-14,9.4452E-15,4.6152E-15,6.9961E-14,6.5678E-14,2.1443E-14,1.9511E-14,3.6931E-15,1.9989E-15,3.1907E-14,4.1309E-14,1.3393E-14,2.7603E-14,9.2000E-15,9.6266E-15,1.9922E-12,9.7345E-12
3.1,4.2690E-13,3.7399E-14,1.4765E-14,1.8164E-13,4.3506E-14,8.5040E-15,4.1340E-15,6.2157E-14,5.7518E-14,1.8775E-14,1.7279E-14,3.3329E-15,1.7915E-15,2.8340E-14,3.6163E-14,1.1722E-14,2.3744E-14,7.9137E-15,8.5156E-15,1.7147E-12,8.4187E-12
3.2,3.8069E-13,3.3541E-14,1.3201E-14,1.6095E-13,3.8444E-14,7.6736E-15,3.7071E-15,5.5175E-14,5.0179E-14,1.6375E-14,1.5278E-14,3.0148E-15,1.6071E-15,2.5147E-14,3.1534E-14,1.0219E-14,2.0288E-14,6.7620E-15,7.5191E-15,1.4730E-12,7.2766E-12
3.3,3.3954E-13,3.0124E-14,1.1810E-14,1.4241E-13,3.3902E-14,6.9418E-15,3.3285E-15,4.8921E-14,4.3578E-14,1.4217E-14,1.3483E-14,2.7342E-15,1.4432E-15,2.2285E-14,2.7372E-14,8.8682E-15,1.7207E-14,5.7348E-15,6.6244E-15,1.2667E-12,6.2817E-12
3.4,3.0289E-13,2.7100E-14,1.0575E-14,1.2579E-13,2.9823E-14,6.2970E-15,2.9926E-15,4.3310E-14,3.7646E-14,1.2277E-14,1.1870E-14,2.4867E-15,1.2974E-15,1.9717E-14,2.3635E-14,7.6546E-15,1.4473E-14,4.8236E-15,5.8205E-15,1.0866E-12,5.4197E-12
3.5,2.7027E-13,2.4426E-14,9.4769E-15,1.1088E-13,2.6157E-14,5.7289E-15,2.6941E-15,3.8268E-14,3.2324E-14,1.0536E-14,1.0418E-14,2.2687E-15,1.1675E-15,1.7410E-14,2.0284E-14,6.5668E-15,1.2064E-14,4.0207E-15,5.0978E-15,9.3178E-13,4.6687E-12
3.6,2.4123E-13,2.2065E-14,8.5015E-15,9.7493E-14,2.2861E-14,5.2275E-15,2.4283E-15,3.3729E-14,2.7564E-14,8.9798E-15,9.1100E-15,2.0767E-15,1.0518E-15,1.5336E-14,1.7291E-14,5.5950E-15,9.9588E-15,3.3191E-15,4.4478E-15,7.9849E-13,4.0200E-12
3.7,2.1539E-13,1.9982E-14,7.6348E-15,8.5470E-14,1.9898E-14,4.7845E-15,2.1910E-15,2.9640E-14,2.3325E-14,7.5943E-15,7.9313E-15,1.9074E-15,9.4850E-16,1.3469E-14,1.4628E-14,4.7306E-15,8.1373E-15,2.7120E-15,3.8635E-15,6.8371E-13,3.4586E-12
3.8,1.9241E-13,1.8145E-14,6.8639E-15,7.4673E-14,1.7237E-14,4.3921E-15,1.9786E-15,2.5954E-14,1.9575E-14,6.3686E-15,6.8700E-15,1.7575E-15,8.5599E-16,1.1788E-14,1.2273E-14,3.9663E-15,6.5784E-15,2.1924E-15,3.3388E-15,5.8511E-13,2.9629E-12
3.9,1.7197E-13,1.6525E-14,6.1775E-15,6.4981E-14,1.4849E-14,4.0439E-15,1.7880E-15,2.2633E-14,1.6281E-14,5.2926E-15,5.9164E-15,1.6242E-15,7.7291E-16,1.0275E-14,1.0205E-14,3.2956E-15,5.2605E-15,1.7532E-15,2.8686E-15,5.0044E-13,2.5506E-12
4.0,1.5380E-13,1.5096E-14,5.5652E-15,5.6292E-14,1.2713E-14,3.7337E-15,1.6164E-15,1.9645E-14,1.3413E-14,4.3565E-15,5.0622E-15,1.5046E-15,6.9803E-16,8.9129E-15,8.4053E-15,2.7120E-15,4.1607E-15,1.3866E-15,2.4486E-15,4.2791E-13,2.1809E-12
4.1,1.3764E-13,1.3833E-14,5.0174E-15,4.8518E-14,1.0809E-14,3.4557E-15,1.4615E-15,1.6962E-14,1.0942E-14,3.5502E-15,4.3003E-15,1.3963E-15,6.3027E-16,7.6900E-15,6.8543E-15,2.2094E-15,3.2553E-15,1.0849E-15,2.0751E-15,3.6586E-13,1.8660E-12
4.2,1.2327E-13,1.2710E-14,4.5257E-15,4.1582E-14,9.1187E-15,3.2043E-15,1.3211E-15,1.4560E-14,8.8357E-15,2.8635E-15,3.6246E-15,1.2972E-15,5.6869E-16,6.5952E-15,5.5325E-15,1.7814E-15,2.5201E-15,8.3985E-16,1.7447E-15,3.1271E-13,1.5947E-12
4.3,1.1049E-13,1.1706E-14,4.0821E-15,3.5418E-14,7.6286E-15,2.9745E-15,1.1932E-15,1.2418E-14,7.0615E-15,2.2857E-15,3.0291E-15,1.2055E-15,5.1250E-16,5.6191E-15,4.4194E-15,1.4213E-15,1.9313E-15,6.4360E-16,1.4544E-15,2.6759E-13,1.3602E-12
4.4,9.9127E-14,1.0800E-14,3.6799E-15,2.9968E-14,6.3245E-15,2.7619E-15,1.0762E-15,1.0518E-14,5.5854E-15,1.8054E-15,2.5086E-15,1.1196E-15,4.6102E-16,4.7537E-15,3.4937E-15,1.1221E-15,1.4659E-15,4.8850E-16,1.2015E-15,2.2897E-13,1.1587E-12
4.5,8.9009E-14,9.9768E-15,3.3137E-15,2.5177E-14,5.1956E-15,2.5636E-15,9.6864E-16,8.8438E-15,4.3733E-15,1.4116E-15,2.0582E-15,1.0385E-15,4.1381E-16,3.9915E-15,2.7338E-15,8.7697E-16,1.1027E-15,3.6749E-16,9.8357E-16,1.9622E-13,9.8473E-13
4.6,7.9989E-14,9.2319E-15,2.9851E-15,2.1000E-14,4.2494E-15,2.3863E-15,8.7132E-16,7.3837E-15,3.3937E-15,1.0945E-15,1.6791E-15,9.6312E-16,3.7219E-16,3.3260E-15,2.1203E-15,6.8148E-16,8.2288E-16,2.7447E-16,8.0227E-16,1.6952E-13,8.3578E-13
4.7,7.1935E-14,8.6007E-15,2.7224E-15,1.7400E-14,3.5667E-15,2.2818E-15,7.9428E-16,6.1487E-15,2.6317E-15,8.5369E-16,1.4022E-15,9.0325E-16,3.4683E-16,2.7538E-15,1.6461E-15,5.4601E-16,6.1084E-16,2.0547E-16,6.8251E-16,1.5491E-13,7.0817E-13
4.8,6.4729E-14,8.1743E-15,2.6063E-15,1.4378E-14,3.3694E-15,2.4101E-15,7.7126E-16,5.2066E-15,2.1133E-15,7.1262E-16,1.3322E-15,8.9188E-16,3.7387E-16,2.2800E-15,1.3379E-15,5.2230E-16,4.5592E-16,1.6096E-16,7.1165E-16,1.7509E-13,5.9665E-13
4.9,5.8269E-14,8.0555E-15,2.7507E-15,1.1968E-14,3.9617E-15,3.0345E-15,8.6073E-16,4.6856E-15,1.9091E-15,7.2224E-16,1.6479E-15,9.8740E-16,5.1899E-16,1.9199E-15,1.2628E-15,7.1284E-16,3.5270E-16,1.4647E-16,1.0486E-15,2.7364E-13,5.0488E-13
5.0,5.2463E-14,8.2563E-15,3.2145E-15,1.0188E-14,5.4785E-15,4.3475E-15,1.1092E-15,4.6856E-15,2.0741E-15,9.2548E-16,2.4843E-15,1.2383E-15,8.3891E-16,1.6854E-15,1.4807E-15,1.2103E-15,2.9717E-16,1.6712E-16,1.8290E-15,4.9108E-13,4.2355E-13
5.1,4.7235E-14,8.6393E-15,3.9171E-15,8.9669E-15,7.6619E-15,6.2447E-15,1.4991E-15,5.1493E-15,2.5598E-15,1.3024E-15,3.7723E-15,1.6305E-15,1.3210E-15,1.5647E-15,1.9656E-15,1.9961E-15,2.8071E-16,2.1883E-16,3.0168E-15,8.2301E-13,3.5507E-13
5.2,4.2514E-14,8.9737E-15,4.6552E-15,8.1316E-15,9.9237E-15,8.2993E-15,1.9393E-15,5.8359E-15,3.1941E-15,1.7551E-15,5.2136E-15,2.0740E-15,1.8659E-15,1.5167E-15,2.5795E-15,2.9059E-15,2.8795E-16,2.8553E-16,4.3641E-15,1.2047E-12,2.9683E-13
5.3,3.8246E-14,9.0542E-15,5.2086E-15,7.4697E-15,1.1645E-14,9.9795E-15,2.3098E-15,6.4337E-15,3.7567E-15,2.1526E-15,6.4278E-15,2.4478E-15,2.3363E-15,1.4871E-15,3.1328E-15,3.7069E-15,3.0109E-16,3.4584E-16,5.5304E-15,1.5415E-12,2.4722E-13
5.4,3.4359E-14,8.7830E-15,5.4388E-15,6.8141E-15,1.2450E-14,1.0908E-14,2.5215E-15,6.7074E-15,4.0805E-15,2.3938E-15,7.1364E-15,2.6597E-15,2.6256E-15,1.4329E-15,3.4748E-15,4.2141E-15,3.0621E-16,3.8297E-16,6.2523E-15,1.7570E-12,2.0522E-13
5.5,3.0048E-14,8.0960E-15,5.2971E-15,6.0679E-15,1.2284E-14,1.0960E-14,2.5364E-15,6.5656E-15,4.1035E-15,2.4413E-15,7.2475E-15,2.6681E-15,2.6939E-15,1.3321E-15,3.5447E-15,4.3563E-15,2.9689E-16,3.9025E-16,6.4352E-15,1.8199E-12,1.6954E-13
5.6,2.6503E-14,7.2298E-15,4.8945E-15,5.2636E-15,1.1354E-14,1.0299E-14,2.3937E-15,6.0711E-15,3.8593E-15,2.3163E-15,6.8508E-15,2.5143E-15,2.5695E-15,1.1925E-15,3.3682E-15,4.1704E-15,2.7350E-16,3.7048E-16,6.1408E-15,1.7462E-12,1.3955E-13
5.7,2.2789E-14,6.2020E-15,4.3029E-15,4.4243E-15,9.9471E-15,9.1444E-15,2.1349E-15,5.3366E-15,3.4325E-15,2.0722E-15,6.1061E-15,2.2397E-15,2.3094E-15,1.0263E-15,3.0186E-15,3.7542E-15,2.4034E-16,3.3178E-16,5.5149E-15,1.5750E-12,1.1437E-13
5.8,1.9624E-14,5.2005E-15,3.6504E-15,3.6235E-15,8.3520E-15,7.7707E-15,1.8253E-15,4.5020E-15,2.9169E-15,1.7679E-15,5.1960E-15,1.9133E-15,1.9812E-15,8.5468E-16,2.5804E-15,3.2176E-15,2.0280E-16,2.8340E-16,4.7192E-15,1.3528E-12,9.2871E-14
5.9,1.6692E-14,4.2634E-15,3.0033E-15,2.8967E-15,6.7772E-15,6.3706E-15,1.5063E-15,3.6708E-15,2.3892E-15,1.4522E-15,4.2597E-15,1.5784E-15,1.6375E-15,6.9158E-16,2.1236E-15,2.6518E-15,1.6541E-16,2.3304E-16,3.8856E-15,1.1173E-12,7.5589E-14
6.0,1.3764E-14,3.4050E-15,2.4016E-15,2.2623E-15,5.3497E-15,5.0684E-15,1.2055E-15,2.9093E-15,1.8999E-15,1.1571E-15,3.3883E-15,1.2634E-15,1.3134E-15,5.4547E-16,1.6954E-15,2.1185E-15,1.3121E-16,1.8589E-16,3.1027E-15,8.9422E-13,6.0766E-14
6.1,1.1207E-14,2.6807E-15,1.8824E-15,1.7368E-15,4.1329E-15,3.9409E-15,9.4295E-16,2.2553E-15,1.4755E-15,8.9996E-16,2.6322E-15,9.8964E-16,1.0294E-15,4.2191E-16,1.3211E-15,1.6511E-15,1.0176E-16,1.4471E-16,2.4179E-15,6.9818E-13,4.8674E-14
6.2,9.0991E-15,2.0970E-15,1.4549E-15,1.3170E-15,3.1399E-15,3.0110E-15,7.2527E-16,1.7186E-15,1.1246E-15,6.8662E-16,2.0076E-15,7.6370E-16,7.9239E-16,3.2160E-16,1.0098E-15,1.2617E-15,7.7500E-17,1.1050E-16,1.8483E-15,5.3461E-13,3.8777E-14
6.3,7.1994E-15,1.6153E-15,1.1063E-15,9.8511E-16,2.3528E-15,2.2646E-15,5.4854E-16,1.2904E-15,8.4424E-16,5.1588E-16,1.5079E-15,5.8069E-16,6.0099E-16,2.4173E-16,7.6018E-16,9.4918E-16,5.8165E-17,8.3078E-17,1.3913E-15,4.0289E-13,3.0696E-14
6.4,5.6917E-15,1.2423E-15,8.3434E-16,7.3164E-16,1.7452E-15,1.6851E-15,4.1066E-16,9.5876E-16,6.2628E-16,3.8291E-16,1.1198E-15,4.3824E-16,4.5086E-16,1.8011E-16,5.6535E-16,7.0526E-16,4.3148E-17,6.1701E-17,1.0346E-15,2.9995E-13,2.4159E-14
6.5,4.2870E-15,9.3147E-16,6.1777E-16,5.3538E-16,1.2823E-15,1.2379E-15,3.0254E-16,7.0441E-16,4.6014E-16,2.8145E-16,8.2258E-16,3.2619E-16,3.3476E-16,1.3253E-16,4.1637E-16,5.1887E-16,3.1706E-17,4.5376E-17,7.6189E-16,2.2090E-13,1.8879E-14
6.6,3.3036E-15,7.0698E-16,4.5771E-16,3.9197E-16,9.3719E-16,9.0534E-16,2.2234E-16,5.1492E-16,3.3554E-16,2.0530E-16,6.0056E-16,2.4297E-16,2.4711E-16,9.7282E-17,3.0434E-16,3.7876E-16,2.3128E-17,3.3114E-17,5.5684E-16,1.6154E-13,1.4682E-14
6.7,2.5273E-15,5.3488E-16,3.3723E-16,2.8574E-16,6.8158E-16,6.5837E-16,1.6243E-16,3.7436E-16,2.4322E-16,1.4884E-16,4.3593E-16,1.8036E-16,1.8141E-16,7.1074E-17,2.2111E-16,2.7477E-16,1.6771E-17,2.4017E-17,4.0451E-16,1.1739E-13,1.1356E-14
6.8,1.7318E-15,3.8210E-16,2.4049E-16,2.0285E-16,4.9192E-16,4.7138E-16,1.1581E-16,2.6908E-16,1.7541E-16,1.0736E-16,3.1353E-16,1.3091E-16,1.3205E-16,5.1011E-17,1.5981E-16,1.9833E-16,1.2100E-17,1.7330E-17,2.9231E-16,8.4652E-14,8.6837E-15
6.9,1.2911E-15,2.8548E-16,1.7492E-16,1.4640E-16,3.5509E-16,3.3937E-16,8.3591E-17,1.9388E-16,1.2605E-16,7.7155E-17,2.2554E-16,9.6449E-17,9.6128E-17,3.6933E-17,1.1510E-16,1.4261E-16,8.6995E-18,1.2459E-17,2.1050E-16,6.0947E-14,6.6752E-15
7.0,9.5764E-16,2.1279E-16,1.2682E-16,1.0542E-16,2.5572E-16,2.4361E-16,6.0137E-17,1.3932E-16,9.0309E-17,5.5278E-17,1.6177E-16,7.0948E-17,6.9785E-17,2.6673E-17,8.2655E-17,1.0222E-16,6.2341E-18,8.9281E-18,1.5113E-16,4.3742E-14,5.0555E-15
7.1,6.9254E-16,1.5658E-16,9.1169E-17,7.5398E-17,1.8367E-16,1.7405E-16,4.2970E-17,9.9746E-17,6.4541E-17,3.9506E-17,1.1565E-16,5.1909E-17,5.0505E-17,1.9171E-17,5.9201E-17,7.3085E-17,4.4611E-18,6.3838E-18,1.0823E-16,3.1297E-14,3.8222E-15
7.2,5.0799E-16,1.1608E-16,6.5724E-17,5.4068E-17,1.3182E-16,1.2437E-16,3.0751E-17,7.1374E-17,4.6042E-17,2.8181E-17,8.2593E-17,3.8063E-17,3.6513E-17,1.3792E-17,4.2330E-17,5.2156E-17,3.1810E-18,4.5537E-18,7.7372E-17,2.2359E-14,2.8772E-15
7.3,3.7177E-16,8.5913E-17,4.7304E-17,3.8734E-17,9.4496E-17,8.8749E-17,2.1967E-17,5.1024E-17,3.2795E-17,2.0071E-17,5.8908E-17,2.7886E-17,2.6359E-17,9.9160E-18,3.0223E-17,3.7162E-17,2.2657E-18,3.2436E-18,5.5234E-17,1.5949E-14,2.1546E-15
7.4,2.7176E-16,6.3505E-17,3.4014E-17,2.7730E-17,6.7684E-17,6.3267E-17,1.5680E-17,3.6433E-17,2.3328E-17,1.4277E-17,4.1967E-17,2.0421E-17,1.9014E-17,7.1307E-18,2.1532E-17,2.6438E-17,1.6217E-18,2.3109E-18,3.9388E-17,1.1363E-14,1.6076E-15
7.5,1.9855E-16,4.6915E-17,2.4438E-17,1.9844E-17,4.8449E-17,4.5052E-17,1.1178E-17,2.5979E-17,1.6583E-17,1.0147E-17,2.9866E-17,1.4933E-17,1.3696E-17,5.1056E-18,1.5350E-17,1.8799E-17,1.1481E-18,1.6409E-18,2.8041E-17,8.0874E-15,1.1931E-15
7.6,1.4504E-16,3.4627E-17,1.7556E-17,1.4200E-17,3.4662E-17,3.2074E-17,7.9679E-18,1.8524E-17,1.1777E-17,7.2056E-18,2.1245E-17,1.0919E-17,9.8614E-18,3.6623E-18,1.0927E-17,1.3354E-17,8.1585E-19,1.1655E-18,1.9957E-17,5.7521E-15,8.8316E-16
7.7,1.0604E-16,2.5557E-17,1.2610E-17,1.0163E-17,2.4790E-17,2.2828E-17,5.6788E-18,1.3204E-17,8.3595E-18,5.1138E-18,1.5105E-17,7.9808E-18,7.0963E-18,2.6267E-18,7.7735E-18,9.4803E-18,5.7943E-19,8.2731E-19,1.4196E-17,4.0889E-15,6.5126E-16
7.8,7.7697E-17,1.8860E-17,9.0620E-18,7.2779E-18,1.7725E-17,1.6248E-17,4.0484E-18,9.4099E-18,5.9308E-18,3.6275E-18,1.0737E-17,5.8315E-18,5.1043E-18,1.8840E-18,5.5277E-18,6.7269E-18,4.1133E-19,5.8698E-19,1.0093E-17,2.9055E-15,4.7597E-16
7.9,5.7086E-17,1.3926E-17,6.5171E-18,5.2159E-18,1.2672E-17,1.1567E-17,2.8878E-18,6.7065E-18,4.2061E-18,2.5722E-18,7.6318E-18,4.2608E-18,3.6707E-18,1.3518E-18,3.9294E-18,4.7714E-18,2.9189E-19,4.1630E-19,7.1730E-18,2.0641E-15,3.5109E-16
8.0,4.2085E-17,1.0289E-17,4.6927E-18,3.7424E-18,9.0592E-18,8.2377E-18,2.0617E-18,4.7805E-18,2.9822E-18,1.8234E-18,5.4244E-18,3.1134E-18,2.6390E-18,9.7035E-19,2.7924E-18,3.3833E-18,2.0708E-19,2.9517E-19,5.0965E-18,1.4662E-15,2.5541E-16
8.1,3.1174E-17,7.6127E-18,3.3845E-18,2.6893E-18,6.4770E-18,5.8709E-18,1.4739E-18,3.4089E-18,2.1139E-18,1.2923E-18,3.8561E-18,2.2756E-18,1.8973E-18,6.9711E-19,1.9840E-18,2.3984E-18,1.4688E-19,2.0923E-19,3.6205E-18,1.0415E-15,1.8605E-16
8.2,2.3220E-17,5.6423E-18,2.4462E-18,1.9364E-18,4.6316E-18,4.1882E-18,1.0556E-18,2.4322E-18,1.4982E-18,9.1573E-19,2.7421E-18,1.6642E-18,1.3640E-18,5.0133E-19,1.4094E-18,1.6999E-18,1.0417E-19,1.4829E-19,2.5715E-18,7.3984E-16,1.3519E-16
8.3,1.7410E-17,4.1918E-18,1.7730E-18,1.3979E-18,3.3130E-18,2.9916E-18,7.5767E-19,1.7366E-18,1.0617E-18,6.4881E-19,1.9509E-18,1.2181E-18,9.8080E-19,3.6103E-19,1.0011E-18,1.2047E-18,7.3868E-20,1.0509E-19,1.8263E-18,5.2570E-16,9.7927E-17
8.4,1.3155E-17,3.1237E-18,1.2893E-18,1.0122E-18,2.3708E-18,2.1404E-18,5.4540E-19,1.2412E-18,7.5236E-19,4.5965E-19,1.3889E-18,8.9265E-19,7.0545E-19,2.6044E-19,7.1108E-19,8.5363E-19,5.2379E-20,7.4463E-20,1.2970E-18,3.7368E-16,7.0842E-17
8.5,1.0029E-17,2.3364E-18,9.4151E-19,7.3579E-19,1.6975E-18,1.5347E-18,3.9401E-19,8.8834E-19,5.3310E-19,3.2562E-19,9.8961E-19,6.5518E-19,5.0761E-19,1.8830E-19,5.0505E-19,6.0482E-19,3.7147E-20,5.2762E-20,9.2111E-19,2.6576E-16,5.1081E-17
8.6,7.7202E-18,1.7556E-18,6.9102E-19,5.3734E-19,1.2164E-18,1.1034E-18,2.8589E-19,6.3675E-19,3.7777E-19,2.3068E-19,7.0593E-19,4.8190E-19,3.6550E-19,1.3645E-19,3.5882E-19,4.2854E-19,2.6300E-20,3.7372E-20,6.5414E-19,1.8912E-16,3.6814E-17
8.7,6.0064E-18,1.3262E-18,5.1018E-19,3.9459E-19,8.7247E-19,7.9576E-19,2.0850E-19,4.5741E-19,2.6769E-19,1.6341E-19,5.0428E-19,3.5535E-19,2.6336E-19,9.9300E-20,2.5481E-19,3.0358E-19,1.8675E-20,2.6487E-20,4.6465E-19,1.3471E-16,2.6505E-17
8.8,4.7265E-18,1.0083E-18,3.7938E-19,2.9168E-19,6.2657E-19,5.7596E-19,1.5293E-19,3.2942E-19,1.8974E-19,1.1578E-19,3.6090E-19,2.6288E-19,1.8995E-19,7.2515E-20,1.8102E-19,2.1508E-19,1.3249E-20,1.8769E-20,3.3005E-19,9.6065E-17,1.8925E-17
8.9,3.7613E-18,7.7212E-19,2.8429E-19,2.1725E-19,4.5068E-19,4.1930E-19,1.1316E-19,2.3801E-19,1.3443E-19,8.2013E-20,2.5886E-19,1.9522E-19,1.3721E-19,5.3206E-20,1.2853E-19,1.5233E-19,9.4421E-21,1.3315E-20,2.3442E-19,6.8604E-17,1.3674E-17
9.0,3.0298E-18,5.9609E-19,2.1505E-19,1.6325E-19,3.2479E-19,3.0686E-19,8.4359E-20,1.7270E-19,9.5318E-20,5.8119E-20,1.8623E-19,1.4567E-19,9.9257E-20,3.9265E-20,9.1436E-20,1.0796E-19,6.6597E-21,9.4236E-21,1.6660E-19,4.9080E-17,9.7523E-18
